{"collectionName": "sections", "info": {"singularName": "section", "pluralName": "sections", "displayName": "Section"}, "options": {"draftAndPublish": True}, "attributes": {"name": {"type": "string", "required": True}, "type": {"type": "enumeration", "enum": ["hero", "cta", "faq", "testimonial", "gallery", "text-block", "custom"]}, "contents": {"type": "relation", "relation": "oneToMany", "target": "api::content.content"}, "order": {"type": "integer"}, "visible": {"type": "boolean", "default": True}}}